"2017-11-20 14:53:04.773",-0.12780762,0.3005371,0.9390259,0.9941966490977951
"2017-11-20 14:53:04.778",-0.15588379,0.30334473,0.9536743,1.0128239983748544
"2017-11-20 14:53:04.779",-0.13885498,0.32403564,0.9298706,0.994454189093379
"2017-11-20 14:53:04.795",-0.13336182,0.32147217,0.8939209,0.9592832254214766
"2017-11-20 14:53:04.796",-0.15533447,0.2975464,0.8526001,0.9162912136668947
"2017-11-20 14:53:04.843",-0.15496826,0.27697754,0.8140259,0.8737104126326348
"2017-11-20 14:53:04.848",-0.11682129,0.3053589,0.833313,0.8951546389174744
"2017-11-20 14:53:04.849",-0.122802734,0.30664063,0.90148926,0.9600999288303376
"2017-11-20 14:53:04.892",-0.15112305,0.2701416,0.94281006,0.9923232686625192
"2017-11-20 14:53:04.893",-0.14813232,0.26263428,0.9411011,0.9882263048922099
"2017-11-20 14:53:04.940",-0.10455322,0.286438,0.9241333,0.973139486314916
"2017-11-20 14:53:04.944",-0.10772705,0.2866211,0.9317627,0.980784635574091
"2017-11-20 14:53:04.992",-0.11993408,0.28918457,0.98876953,1.037148534457795
"2017-11-20 14:53:04.994",-0.105285645,0.32769775,1.0563354,1.1109974616043408
"2017-11-20 14:53:04.994",-0.08959961,0.33605957,1.0368042,1.0935845069487666
"2017-11-20 14:53:05.038",-0.10534668,0.3139038,0.9678345,1.0229062215236118
"2017-11-20 14:53:05.039",-0.1272583,0.30377197,0.9397583,0.995800053773578
"2017-11-20 14:53:05.087",-0.1375122,0.29693604,0.9476929,1.0025978504416073
"2017-11-20 14:53:05.089",-0.13653564,0.31567383,0.9655762,1.0250021199702557
"2017-11-20 14:53:05.091",-0.12164307,0.32312012,0.9412842,1.0026064001379003
"2017-11-20 14:53:05.135",-0.125,0.31774902,0.93847656,0.9986629528426465
"2017-11-20 14:53:05.139",-0.1305542,0.32165527,0.97076416,1.0309653564484689
"2017-11-20 14:53:05.185",-0.12371826,0.33172607,0.9777832,1.0399078707161094
"2017-11-20 14:53:05.191",-0.12945557,0.31121826,0.9411011,0.9996433515922879
"2017-11-20 14:53:05.196",-0.13287354,0.28948975,0.92626953,0.9795074962416649
"2017-11-20 14:53:05.233",-0.121032715,0.288208,0.93585205,0.9866771654667366
"2017-11-20 14:53:05.238",-0.118652344,0.28503418,0.9503174,0.9992127017045603
"2017-11-20 14:53:05.282",-0.1293335,0.2821045,0.9644165,1.0131185955329958
"2017-11-20 14:53:05.283",-0.11682129,0.29412842,0.9846802,1.0342890493092347
"2017-11-20 14:53:05.330",-0.09820557,0.30950928,1.0128784,1.063655480675817
"2017-11-20 14:53:05.334",-0.1081543,0.2937622,1.0045166,1.0521630968784688
"2017-11-20 14:53:05.340",-0.11853027,0.28015137,0.97698975,1.023251282248995
"2017-11-20 14:53:05.379",-0.105773926,0.28460693,0.9619751,1.0087543412771458
"2017-11-20 14:53:05.383",-0.109069824,0.28826904,0.9555054,1.0039849776560765
"2017-11-20 14:53:05.428",-0.11981201,0.27886963,0.9604492,1.007266525829791
"2017-11-20 14:53:05.432",-0.11053467,0.29296875,0.97650146,1.0254773050295667
"2017-11-20 14:53:05.434",-0.105041504,0.30578613,0.9926758,1.0440038882918967
"2017-11-20 14:53:05.477",-0.108947754,0.29858398,0.9782715,1.0286093203576054
"2017-11-20 14:53:05.484",-0.115600586,0.2855835,0.96728516,1.0151660020469653
"2017-11-20 14:53:05.526",-0.11993408,0.27838135,0.9592285,1.0059819455564394
"2017-11-20 14:53:05.527",-0.11791992,0.27441406,0.94403076,0.9901526446385261
"2017-11-20 14:53:05.575",-0.12011719,0.27148438,0.93933105,0.9851267580426302
"2017-11-20 14:53:05.576",-0.12072754,0.27642822,0.9763794,1.021912145182344
"2017-11-20 14:53:05.583",-0.1060791,0.28564453,1.0060425,1.0511741457922092
"2017-11-20 14:53:05.623",-0.09039307,0.29180908,1.0142822,1.059288358999244
"2017-11-20 14:53:05.625",-0.087890625,0.28338623,1.0038452,1.046774905545382
"2017-11-20 14:53:05.672",-0.09136963,0.27435303,0.99572754,1.0368661091341396
"2017-11-20 14:53:05.674",-0.0927124,0.2736206,1.0048828,1.0455875207719152
"2017-11-20 14:53:05.675",-0.089904785,0.26763916,0.9873047,1.0268807919975385
"2017-11-20 14:53:05.722",-0.08508301,0.27056885,0.9970093,1.0365684567202846
"2017-11-20 14:53:05.723",-0.07952881,0.2791748,1.010498,1.0513655922556415
"2017-11-20 14:53:05.818",-0.08886719,0.27264404,0.9929199,1.0334999167015098
"2017-11-20 14:53:05.821",-0.09844971,0.27020264,0.9744873,1.016035092860155
"2017-11-20 14:53:05.824",-0.1026001,0.27459717,0.97961426,1.0225333660508915
"2017-11-20 14:53:05.825",-0.09411621,0.28167725,0.9916382,1.0351551834636035
"2017-11-20 14:53:05.830",-0.10522461,0.2734375,0.9727173,1.0158834729806328
"2017-11-20 14:53:05.866",-0.08929443,0.2876587,0.9619751,1.0080263468455202
"2017-11-20 14:53:05.870",-0.07495117,0.2991333,0.9616699,1.0099046517465244
"2017-11-20 14:53:05.917",-0.08325195,0.29223633,0.96551514,1.0122017809310015
"2017-11-20 14:53:05.922",-0.09320068,0.2913208,0.97821045,1.0249145621730158
"2017-11-20 14:53:05.923",-0.08898926,0.2937622,0.9755249,1.0226749967923325
"2017-11-20 14:53:05.965",-0.08526611,0.2859497,0.96759033,1.0125554736181772
"2017-11-20 14:53:05.967",-0.08703613,0.284729,0.9735718,1.018080517995319
"2017-11-20 14:53:06.013",-0.07775879,0.29266357,0.994812,1.0398794689633069
"2017-11-20 14:53:06.014",-0.07244873,0.28918457,0.99505615,1.0387556380869951
"2017-11-20 14:53:06.062",-0.08728027,0.27886963,0.9772949,1.0200448213846387
"2017-11-20 14:53:06.063",-0.087646484,0.28381348,0.97839355,1.0224900665868961
"2017-11-20 14:53:06.066",-0.08294678,0.28967285,0.98443604,1.029516801800909
"2017-11-20 14:53:06.111",-0.08642578,0.2753296,0.96899414,1.011051654189393
"2017-11-20 14:53:06.115",-0.095336914,0.2730713,0.9717407,1.013872304627769
"2017-11-20 14:53:06.160",-0.09637451,0.27520752,0.97753906,1.0201028571021522
"2017-11-20 14:53:06.163",-0.0881958,0.28063965,0.9796753,1.0228884620132601
"2017-11-20 14:53:06.165",-0.07977295,0.2852173,0.9689331,1.0131850690010205
"2017-11-20 14:53:06.209",-0.08123779,0.28295898,0.9664917,1.0103324052289002
"2017-11-20 14:53:06.212",-0.08441162,0.27850342,0.9812012,1.023447737514799
"2017-11-20 14:53:06.257",-0.0791626,0.28216553,0.9892578,1.0317534096962224
"2017-11-20 14:53:06.258",-0.07739258,0.28253174,0.98205566,1.0248156492191751
"2017-11-20 14:53:06.306",-0.08099365,0.27960205,0.97821045,1.0206042142739404
"2017-11-20 14:53:06.307",-0.07824707,0.2803955,0.9818115,1.0240595988105794
"2017-11-20 14:53:06.313",-0.07525635,0.27423096,0.98028564,1.0206988163155934
"2017-11-20 14:53:06.354",-0.07269287,0.27514648,0.9805908,1.0210524745819225
"2017-11-20 14:53:06.358",-0.06842041,0.28259277,0.9813843,1.023550277439917
"2017-11-20 14:53:06.404",-0.070495605,0.2845459,0.9867554,1.029379531057562
"2017-11-20 14:53:06.407",-0.07110596,0.2826538,0.98864746,1.0307148142752258
"2017-11-20 14:53:06.408",-0.06384277,0.27844238,0.9868164,1.0273327920252022
"2017-11-20 14:53:06.452",-0.06506348,0.2659912,0.97546387,1.0131704380717625
"2017-11-20 14:53:06.502",-0.066833496,0.26885986,0.9897461,1.0277887346006531
"2017-11-20 14:53:06.504",-0.068115234,0.2713623,0.99035645,1.0291176225392156
"2017-11-20 14:53:06.505",-0.06262207,0.2715454,0.97961426,1.0184804987370117
"2017-11-20 14:53:06.507",-0.061767578,0.26593018,0.9707031,1.0083643204102517
"2017-11-20 14:53:06.550",-0.058288574,0.2685547,0.98168945,1.0194279577254814
"2017-11-20 14:53:06.553",-0.06384277,0.27062988,0.9957886,1.0338816988031307
"2017-11-20 14:53:06.600",-0.060424805,0.27093506,0.99560547,1.0335798061545187
"2017-11-20 14:53:06.602",-0.056762695,0.26794434,0.99316406,1.0302383330848168
"2017-11-20 14:53:06.647",-0.04937744,0.27288818,0.9956665,1.0335656097156658
"2017-11-20 14:53:06.698",-0.041931152,0.27526855,0.98809814,1.0265811854883222
"2017-11-20 14:53:06.699",-0.05065918,0.27105713,0.9838867,1.0217981007415307
"2017-11-20 14:53:06.702",-0.05114746,0.274292,0.9973755,1.0356688910692942
"2017-11-20 14:53:06.703",-0.047607422,0.27642822,0.99780273,1.0364792884748384
"2017-11-20 14:53:06.745",-0.04876709,0.27789307,0.99645996,1.0356327724170835
"2017-11-20 14:53:06.772",-0.04925537,0.27960205,0.98846436,1.0284285044806223
"2017-11-20 14:53:06.774",-0.04547119,0.2831421,0.9793091,1.0204329430468404
"2017-11-20 14:53:06.793",-0.04650879,0.28546143,0.9702759,1.0124656130880292
"2017-11-20 14:53:06.795",-0.045043945,0.29473877,0.9737549,1.0183803340580992
"2017-11-20 14:53:06.842",-0.04736328,0.29730225,0.98291016,1.0279806859949492
"2017-11-20 14:53:06.844",-0.05206299,0.29400635,0.98431396,1.0286030627112406
"2017-11-20 14:53:06.891",-0.04852295,0.286438,0.9771118,1.0193864204608292
"2017-11-20 14:53:06.896",-0.047302246,0.2824707,0.98132324,1.022263420160984
"2017-11-20 14:53:06.899",-0.04248047,0.28308105,0.9838257,1.0246230912784533
"2017-11-20 14:53:06.939",-0.04284668,0.29156494,0.98809814,1.031108086718209
"2017-11-20 14:53:06.944",-0.043151855,0.30133057,0.99102783,1.0367248211753084
"2017-11-20 14:53:06.988",-0.03149414,0.307312,0.9725342,1.0204191865934213
"2017-11-20 14:53:06.989",-0.037841797,0.30407715,0.96343994,1.0109952684060965
"2017-11-20 14:53:06.992",-0.04827881,0.29833984,0.973999,1.0198095683152035
"2017-11-20 14:53:07.037",-0.049072266,0.29205322,0.9755249,1.0194861456257036
"2017-11-20 14:53:07.040",-0.043823242,0.2892456,0.98254395,1.0251712575664387
"2017-11-20 14:53:07.086",-0.04321289,0.28948975,0.994751,1.0369191006140328
"2017-11-20 14:53:07.092",-0.04333496,0.289917,0.99334717,1.0356970530971932
"2017-11-20 14:53:07.134",-0.04724121,0.28649902,0.9893799,1.0311091149375193
"2017-11-20 14:53:07.140",-0.038085938,0.28814697,0.9885254,1.030369681929103
"2017-11-20 14:53:07.141",-0.036254883,0.28320313,0.97528076,1.0162140474375063
"2017-11-20 14:53:07.183",-0.039245605,0.28686523,0.98828125,1.0298212013725156
"2017-11-20 14:53:07.187",-0.036743164,0.29510498,0.9968262,1.040240108017361
"2017-11-20 14:53:07.233",-0.02532959,0.29962158,0.97332764,1.01871555113252
"2017-11-20 14:53:07.235",-0.039001465,0.29663086,0.9694824,1.0145970162021203
"2017-11-20 14:53:07.237",-0.043518066,0.29748535,0.98132324,1.0263462655931967
"2017-11-20 14:53:07.280",-0.036499023,0.29803467,0.9813843,1.026290401147966
"2017-11-20 14:53:07.284",-0.03515625,0.2952881,0.9737549,1.0181501015025647
"2017-11-20 14:53:07.329",-0.041015625,0.29003906,0.97662354,1.0196070207202164
"2017-11-20 14:53:07.333",-0.041931152,0.28997803,0.9818115,1.024597140793872
"2017-11-20 14:53:07.379",-0.0345459,0.2966919,0.98498535,1.0292791858611747
"2017-11-20 14:53:07.382",-0.031921387,0.3013916,0.9892578,1.0346433522520713
"2017-11-20 14:53:07.383",-0.033569336,0.2977295,0.9746704,1.0196823741371088
"2017-11-20 14:53:07.476",-0.036499023,0.30010986,0.9747925,1.0205971412880912
"2017-11-20 14:53:07.477",-0.041503906,0.2954712,0.97680664,1.0213603752793556
"2017-11-20 14:53:07.484",-0.04107666,0.29632568,0.9901123,1.0343203407240467
"2017-11-20 14:53:07.485",-0.03753662,0.29541016,0.99401855,1.037665185990333
"2017-11-20 14:53:07.487",-0.03338623,0.29467773,0.9824219,1.0262077735581503
"2017-11-20 14:53:07.525",-0.030944824,0.2939453,0.9713135,1.0152887947804463
"2017-11-20 14:53:07.528",-0.03491211,0.29711914,0.9748535,1.0197244653538728
"2017-11-20 14:53:07.622",-0.044433594,0.29382324,0.97216797,1.0165711989495745
"2017-11-20 14:53:07.627",-0.03277588,0.29962158,0.9819946,1.0272101751543503
"2017-11-20 14:53:07.628",-0.028076172,0.29644775,0.97509766,1.0195513652836288
"2017-11-20 14:53:07.630",-0.04058838,0.28619385,0.97302246,1.015050266751996
"2017-11-20 14:53:07.630",-0.0335083,0.29241943,0.99487305,1.0374990673859508
"2017-11-20 14:53:07.671",-0.027954102,0.29278564,0.9946289,1.0372036981827852
"2017-11-20 14:53:07.673",-0.0345459,0.29248047,0.9973755,1.0399500625215043
"2017-11-20 14:53:07.719",-0.026367188,0.2944336,0.98986816,1.0330659938231308
"2017-11-20 14:53:07.725",-0.024719238,0.29370117,0.9743042,1.0179096679589548
"2017-11-20 14:53:07.730",-0.017944336,0.30108643,0.9767456,1.0222558410906664
"2017-11-20 14:53:07.768",-0.026123047,0.3010254,0.9815674,1.0270215507828862
"2017-11-20 14:53:07.770",-0.027038574,0.30133057,0.9771118,1.0228776400917747
"2017-11-20 14:53:07.819",-0.030822754,0.29333496,0.97558594,1.019197413285586
"2017-11-20 14:53:07.821",-0.028320313,0.29736328,0.97821045,1.0228013711908968
"2017-11-20 14:53:07.867",-0.030212402,0.30029297,0.98187256,1.0272109720729157
"2017-11-20 14:53:07.869",-0.041381836,0.29052734,0.9831543,1.0260170414016994
"2017-11-20 14:53:07.870",-0.037353516,0.2890625,0.9831543,1.0254485807061717
"2017-11-20 14:53:07.914",-0.028381348,0.29962158,0.9838867,1.0288885413653335
"2017-11-20 14:53:07.918",-0.028015137,0.29736328,0.97821045,1.0227929666763893
"2017-11-20 14:53:07.965",-0.030273438,0.2894287,0.96173096,1.0047944530373123
"2017-11-20 14:53:07.966",-0.03643799,0.29333496,0.9696655,1.0137180612792156
"2017-11-20 14:53:07.967",-0.029968262,0.2965088,0.9655762,1.010521134470319
"2017-11-20 14:53:08.012",-0.01965332,0.28857422,0.94299316,0.9863556322353598
"2017-11-20 14:53:08.018",-0.043151855,0.24816895,0.9169922,0.9509598336390889
"2017-11-20 14:53:08.061",-0.022155762,0.21813965,0.7476196,0.779109010983754
"2017-11-20 14:53:08.065",0.184021,0.29718018,0.2514038,0.43056202628688983
"2017-11-20 14:53:08.066",0.18511963,0.2557373,0.082458496,0.32629778973387014
"2017-11-20 14:53:08.112",0.08453369,-0.047546387,-0.05279541,0.11042626036789423
"2017-11-20 14:53:08.113",0.10534668,-0.029296875,-0.055480957,0.1226147073618164
"2017-11-20 14:53:08.158",0.111816406,-0.0028076172,-0.045410156,0.12071815784314681
"2017-11-20 14:53:08.159",0.10974121,-0.0032348633,-0.050476074,0.12083638342522199
"2017-11-20 14:53:08.207",0.11071777,0.0033569336,-0.054016113,0.12323730790875172
"2017-11-20 14:53:08.209",0.11004639,0.012329102,-0.06323242,0.1275168759310504
"2017-11-20 14:53:08.211",0.11151123,0.017944336,-0.074401855,0.13524936095240828
"2017-11-20 14:53:08.256",0.4389038,0.18951416,-0.27612305,0.5520834187296773
"2017-11-20 14:53:08.273",1.999939,1.0891113,-1.5032349,2.7286690147554906
"2017-11-20 14:53:08.304",1.0554199,0.8109131,-0.9034424,1.6086327707669579
"2017-11-20 14:53:08.310",0.42053223,0.48828125,-0.3614502,0.7388587027641857
"2017-11-20 14:53:08.311",0.918396,0.16394043,-0.35473633,0.9980809291968532
"2017-11-20 14:53:08.353",0.8670044,0.14575195,-0.39569092,0.9641118009435466
"2017-11-20 14:53:08.357",0.9440918,-0.07623291,-0.50372314,1.0727803993202745
"2017-11-20 14:53:08.402",1.0973511,-0.04119873,-0.6421509,1.2720984829782767
"2017-11-20 14:53:08.403",0.9324341,0.053344727,-0.15600586,0.9468985368537931
"2017-11-20 14:53:08.451",0.2736206,-0.2355957,-0.26379395,0.44716978281124103
"2017-11-20 14:53:08.499",0.20831299,-0.005004883,-0.19897461,0.28811498760258186
"2017-11-20 14:53:08.503",0.35992432,0.16851807,-0.13250732,0.41892964313541925
"2017-11-20 14:53:08.504",0.08807373,0.08935547,-0.98358154,0.9915513238172825
"2017-11-20 14:53:08.507",0.028930664,-0.051330566,-1.0892334,1.090825930201937
"2017-11-20 14:53:08.549",0.03302002,-0.027038574,-0.99328613,0.9942025660071144
"2017-11-20 14:53:08.551",0.037597656,-0.017822266,-1.0076294,1.0084880885000225
"2017-11-20 14:53:08.552",0.033081055,-0.022705078,-1.0122681,1.0130629709176566
"2017-11-20 14:53:08.600",0.033996582,-0.024108887,-1.0107422,1.0116011075917726
"2017-11-20 14:53:08.602",0.033813477,-0.022766113,-1.0116577,1.0124786166123452
"2017-11-20 14:53:08.646",0.033813477,-0.022216797,-1.0126343,1.0134422345808658
"2017-11-20 14:53:08.648",0.03137207,-0.024414063,-1.0107422,1.0115236270641892
"2017-11-20 14:53:08.697",0.032287598,-0.0234375,-1.0115356,1.012322120403491
"2017-11-20 14:53:08.700",0.033325195,-0.02355957,-1.0115356,1.0123585787791463
"2017-11-20 14:53:08.704",0.031433105,-0.022460938,-1.0120239,1.0127610320292695
"2017-11-20 14:53:08.743",0.030334473,-0.022277832,-1.010376,1.0110767247972865
"2017-11-20 14:53:08.748",0.029846191,-0.022766113,-1.0106812,1.0113780594079433
"2017-11-20 14:53:08.792",0.030395508,-0.023742676,-1.0117798,1.0125146740952742
"2017-11-20 14:53:08.795",0.030273438,-0.023742676,-1.010437,1.0111691879606404
"2017-11-20 14:53:08.796",0.030334473,-0.024475098,-1.0112305,1.0119813905426063
"2017-11-20 14:53:08.841",0.030456543,-0.023010254,-1.0132446,1.0139633584256462
"2017-11-20 14:53:08.842",0.028808594,-0.022705078,-1.0126343,1.0132984166531265
"2017-11-20 14:53:08.889",0.028503418,-0.0234375,-1.0107422,1.0114156198639472
"2017-11-20 14:53:08.893",0.030517578,-0.022888184,-1.0123291,1.0130475794554834
"2017-11-20 14:53:08.938",0.0289917,-0.023742676,-1.0115967,1.0122905298299598
"2017-11-20 14:53:08.943",0.028625488,-0.023010254,-1.0111084,1.011775215600255
"2017-11-20 14:53:08.945",0.029418945,-0.021606445,-1.0114136,1.012072024638272
"2017-11-20 14:53:08.987",0.029663086,-0.022033691,-1.0110474,1.0117224062245964
"2017-11-20 14:53:08.991",0.028320313,-0.022888184,-1.0115967,1.0122518424513367
"2017-11-20 14:53:09.036",0.029541016,-0.022583008,-1.0115356,1.0122188172248134
"2017-11-20 14:53:09.038",0.030761719,-0.022949219,-1.0099487,1.010677657139127
"2017-11-20 14:53:09.043",0.029968262,-0.022338867,-1.0113525,1.0120429837523675
"2017-11-20 14:53:09.085",0.026977539,-0.023071289,-1.0131836,1.013805247222354
"2017-11-20 14:53:09.086",0.027770996,-0.0234375,-1.0119019,1.0125541960056716
"2017-11-20 14:53:09.133",0.028747559,-0.022949219,-1.0109253,1.011594311461496
"2017-11-20 14:53:09.137",0.028381348,-0.022521973,-1.0130005,1.0136482393721995
"2017-11-20 14:53:09.182",0.028625488,-0.02166748,-1.0112915,1.011928552925076
"2017-11-20 14:53:09.183",0.028930664,-0.022521973,-1.0087891,1.0094551356380845
"2017-11-20 14:53:09.185",0.029174805,-0.023376465,-1.0126953,1.0133851187997456
"2017-11-20 14:53:09.231",0.028686523,-0.022094727,-1.0117798,1.0124275071584503
"2017-11-20 14:53:09.233",0.0289917,-0.021972656,-1.0105591,1.011213632658003
"2017-11-20 14:53:09.282",0.029052734,-0.023010254,-1.010437,1.0111164443875984
"2017-11-20 14:53:09.284",0.02947998,-0.023742676,-1.0127563,1.01346342167546
"2017-11-20 14:53:09.285",0.030151367,-0.022277832,-1.0120239,1.0127180164793155
"2017-11-20 14:53:09.329",0.028747559,-0.022583008,-1.0111084,1.011769050203329
"2017-11-20 14:53:09.330",0.029296875,-0.022521973,-1.0123901,1.0130642924960827
"2017-11-20 14:53:09.380",0.029846191,-0.021972656,-1.0122681,1.012946345571429
"2017-11-20 14:53:09.382",0.02923584,-0.02355957,-1.0135498,1.0142450319124716
"2017-11-20 14:53:09.388",0.029296875,-0.023498535,-1.0122681,1.0129645572820019
"2017-11-20 14:53:09.427",0.029541016,-0.023254395,-1.0108032,1.0115021243889548
"2017-11-20 14:53:09.429",0.027954102,-0.022888184,-1.012085,1.0127296519853874
"2017-11-20 14:53:09.474",0.028076172,-0.020996094,-1.0117798,1.0123870164544142
"2017-11-20 14:53:09.478",0.02911377,-0.02178955,-1.0119019,1.012555110261375
"2017-11-20 14:53:09.524",0.028381348,-0.022827148,-1.0134888,1.014143050720928
"2017-11-20 14:53:09.530",0.028320313,-0.022949219,-1.0115356,1.01219216399283
"2017-11-20 14:53:09.531",0.027954102,-0.021972656,-1.0116577,1.0122823377890235
"2017-11-20 14:53:09.573",0.028869629,-0.023132324,-1.0124512,1.0131268391833665
"2017-11-20 14:53:09.574",0.029968262,-0.022583008,-1.012085,1.012780398804513
"2017-11-20 14:53:09.622",0.02935791,-0.022460938,-1.0098267,1.0105030156552222
"2017-11-20 14:53:09.623",0.028808594,-0.022521973,-1.0115967,1.0122574068916264
"2017-11-20 14:53:09.628",0.028564453,-0.022949219,-1.0134888,1.0141509465327827
"2017-11-20 14:53:09.670",0.028381348,-0.022888184,-1.0125732,1.013229418858017
"2017-11-20 14:53:09.678",0.029418945,-0.022155762,-1.0119019,1.012571877615769
"2017-11-20 14:53:09.719",0.028381348,-0.021850586,-1.0105591,1.011193672654082
"2017-11-20 14:53:09.723",0.028320313,-0.022827148,-1.0127563,1.013409316122524
"2017-11-20 14:53:09.767",0.029418945,-0.022033691,-1.0130005,1.0136670907473748
"2017-11-20 14:53:09.771",0.028930664,-0.022460938,-1.0128784,1.0135403939862884
"2017-11-20 14:53:09.773",0.027954102,-0.021972656,-1.0130005,1.013624310299714
"2017-11-20 14:53:09.817",0.027893066,-0.022521973,-1.0111084,1.01174377139138
"2017-11-20 14:53:09.819",0.028015137,-0.022338867,-1.0098877,1.010523151388063
"2017-11-20 14:53:09.868",0.028564453,-0.022766113,-1.0118408,1.012499890578245
"2017-11-20 14:53:09.870",0.027648926,-0.022705078,-1.0115356,1.0121680955964278
"2017-11-20 14:53:09.872",0.026855469,-0.022033691,-1.0130005,1.0135959316979046
"2017-11-20 14:53:09.913",0.028076172,-0.021362305,-1.0117188,1.0123337146329399
"2017-11-20 14:53:09.917",0.028747559,-0.022888184,-1.0115967,1.0122638858351938
"2017-11-20 14:53:09.962",0.029418945,-0.022216797,-1.0112305,1.0119022603611982
"2017-11-20 14:53:09.964",0.028503418,-0.022766113,-1.0130005,1.0136571184276573
"2017-11-20 14:53:10.010",0.028503418,-0.022949219,-1.0132446,1.0139051883285501
"2017-11-20 14:53:10.013",0.028320313,-0.021850586,-1.0127563,1.0133877892626548
"2017-11-20 14:53:10.014",0.027832031,-0.022888184,-1.0119019,1.0125433058096889
"2017-11-20 14:53:10.061",0.028076172,-0.02319336,-1.0112305,1.011886024961563
"2017-11-20 14:53:10.066",0.028137207,-0.02319336,-1.0125732,1.0132295493737293
"2017-11-20 14:53:10.110",0.028076172,-0.02331543,-1.0114136,1.0120718111750857
"2017-11-20 14:53:10.115",0.029907227,-0.022766113,-1.010315,1.011013915509059
"2017-11-20 14:53:10.117",0.02935791,-0.02142334,-1.0119019,1.0125543450106438
"2017-11-20 14:53:10.157",0.027404785,-0.022705078,-1.0117188,1.0123445426737492
"2017-11-20 14:53:10.165",0.028137207,-0.022399902,-1.0125122,1.013150735663855
"2017-11-20 14:53:10.206",0.02947998,-0.022949219,-1.0128784,1.0135671606065728
"2017-11-20 14:53:10.209",0.028503418,-0.022705078,-1.0114136,1.0120698768709742
"2017-11-20 14:53:10.254",0.028381348,-0.021606445,-1.0117188,1.0123474056139399
"2017-11-20 14:53:10.256",0.028625488,-0.021728516,-1.0125732,1.0132107541518893
"2017-11-20 14:53:10.258",0.028564453,-0.022460938,-1.0130615,1.0137129892101013
"2017-11-20 14:53:10.304",0.029785156,-0.02178955,-1.0131836,1.0138554864062763
"2017-11-20 14:53:10.305",0.028137207,-0.022949219,-1.0131836,1.013833998433388
"2017-11-20 14:53:10.352",0.028076172,-0.022094727,-1.0116577,1.0122883731253007
"2017-11-20 14:53:10.355",0.026428223,-0.021850586,-1.0123901,1.0129706874621256
"2017-11-20 14:53:10.360",0.028076172,-0.021484375,-1.0123291,1.0129462258728863
"2017-11-20 14:53:10.401",0.028015137,-0.021972656,-1.0125122,1.0131379968502134
"2017-11-20 14:53:10.405",0.02746582,-0.022216797,-1.0109253,1.0115423468729825
"2017-11-20 14:53:10.449",0.028198242,-0.022338867,-1.0117798,1.012419147151403
"2017-11-20 14:53:10.453",0.028930664,-0.022216797,-1.0120239,1.0126810670490636
"2017-11-20 14:53:10.498",0.028869629,-0.022888184,-1.0116577,1.0123283194767918
"2017-11-20 14:53:10.500",0.028381348,-0.022155762,-1.0123291,1.0129691927254787
"2017-11-20 14:53:10.504",0.027709961,-0.022888184,-1.0126343,1.0132718966012673
"2017-11-20 14:53:10.548",0.030029297,-0.022521973,-1.0134888,1.014183684384425
"2017-11-20 14:53:10.549",0.027404785,-0.020996094,-1.0128174,1.0134056166939835
"2017-11-20 14:53:10.597",0.029052734,-0.020996094,-1.0128174,1.0134515198364902
"2017-11-20 14:53:10.601",0.028015137,-0.022521973,-1.0124512,1.0130890975380111
"2017-11-20 14:53:10.604",0.0289917,-0.022766113,-1.0134277,1.0140978836864363
"2017-11-20 14:53:10.646",0.02960205,-0.022460938,-1.0126343,1.0133158444614059
"2017-11-20 14:53:10.649",0.029052734,-0.022216797,-1.0133057,1.01396552657095
"2017-11-20 14:53:10.695",0.028564453,-0.022705078,-1.0131836,1.013840448912518
"2017-11-20 14:53:10.698",0.028869629,-0.02154541,-1.0115356,1.0121768275543686
"2017-11-20 14:53:10.744",0.028503418,-0.022888184,-1.0122681,1.0129279441708134
"2017-11-20 14:53:10.749",0.028808594,-0.022827148,-1.0128174,1.0134841387593743
"2017-11-20 14:53:10.750",0.028503418,-0.023071289,-1.0112305,1.0118951790299497
"2017-11-20 14:53:10.794",0.028381348,-0.021728516,-1.0116577,1.0122889564206206
"2017-11-20 14:53:10.810",0.028198242,-0.021911621,-1.0142212,1.014849694544063
"2017-11-20 14:53:10.840",0.028930664,-0.0211792,-1.0119629,1.0125978731996879
"2017-11-20 14:53:10.841",0.028869629,-0.023010254,-1.0124512,1.0131240593575805
"2017-11-20 14:53:10.843",0.028320313,-0.023071289,-1.012085,1.0127439813346406
"2017-11-20 14:53:10.888",0.02746582,-0.022338867,-1.0095825,1.0102030590694953
"2017-11-20 14:53:10.893",0.028320313,-0.022155762,-1.0109253,1.0115645704048302
"2017-11-20 14:53:10.943",0.027893066,-0.022155762,-1.0127563,1.0133825655251676
"2017-11-20 14:53:10.985",0.028442383,-0.022644043,-1.0127563,1.0134086268745666
"2017-11-20 14:53:10.989",0.028503418,-0.023010254,-1.012146,1.0128086897054285
"2017-11-20 14:53:10.991",0.028686523,-0.022521973,-1.0119629,1.0126199024540514
"2017-11-20 14:53:10.992",0.030151367,-0.022094727,-1.0136108,1.0142998253819298
"2017-11-20 14:53:11.034",0.027954102,-0.022583008,-1.0115967,1.0122348084905224
"2017-11-20 14:53:11.036",0.030212402,-0.021362305,-1.0119019,1.0125781908243594
"2017-11-20 14:53:11.083",0.02923584,-0.02154541,-1.0133667,1.014017262033277
"2017-11-20 14:53:11.087",0.027526855,-0.020996094,-1.0130005,1.0135919182342061
"2017-11-20 14:53:11.089",0.027709961,-0.022094727,-1.012207,1.012827245757551
"2017-11-20 14:53:11.132",0.02935791,-0.021484375,-1.0126343,1.013287565691595
"2017-11-20 14:53:11.135",0.029785156,-0.022338867,-1.0130005,1.0136844644646765
"2017-11-20 14:53:11.180",0.028137207,-0.021972656,-1.013855,1.014483346859107
"2017-11-20 14:53:11.185",0.028503418,-0.02178955,-1.0136719,1.0143066351831163
"2017-11-20 14:53:11.186",0.02758789,-0.021728516,-1.0130005,1.0136090139114116
"2017-11-20 14:53:11.229",0.029296875,-0.022155762,-1.0115356,1.0122022795577603
"2017-11-20 14:53:11.234",0.027648926,-0.023132324,-1.0134277,1.0140686715651384
"2017-11-20 14:53:11.278",0.028930664,-0.023132324,-1.0133057,1.0139825094081318
"2017-11-20 14:53:11.283",0.028137207,-0.022460938,-1.0143433,1.014982032554513
"2017-11-20 14:53:11.327",0.028076172,-0.022399902,-1.0122681,1.0129050959104673
"2017-11-20 14:53:11.329",0.028686523,-0.02130127,-1.0109863,1.0116174966325624
"2017-11-20 14:53:11.332",0.02960205,-0.02178955,-1.0131836,1.0138501236190511
"2017-11-20 14:53:11.375",0.028320313,-0.023132324,-1.0129395,1.013599316891201
"2017-11-20 14:53:11.378",0.027709961,-0.022277832,-1.0130005,1.0136242680290817
"2017-11-20 14:53:11.425",0.028137207,-0.022338867,-1.0119019,1.0125394721294645
"2017-11-20 14:53:11.427",0.028930664,-0.022460938,-1.013916,1.0145773169706294
"2017-11-20 14:53:11.428",0.028259277,-0.022399902,-1.010498,1.0111412118740746
"2017-11-20 14:53:11.473",0.028442383,-0.02154541,-1.0117798,1.0124087798566481
"2017-11-20 14:53:11.474",0.027832031,-0.02178955,-1.0115967,1.0122140533946746
"2017-11-20 14:53:11.522",0.028381348,-0.022155762,-1.0110474,1.0116883036542716
"2017-11-20 14:53:11.524",0.02935791,-0.022766113,-1.0131226,1.013803524067389
"2017-11-20 14:53:11.570",0.028076172,-0.022644043,-1.010376,1.0110196266609068
"2017-11-20 14:53:11.574",0.028076172,-0.023010254,-1.0111084,1.0117598231664855
"2017-11-20 14:53:11.576",0.028320313,-0.021850586,-1.0140381,1.0146687915219288
"2017-11-20 14:53:11.620",0.028564453,-0.021057129,-1.012207,1.0128288806634178
"2017-11-20 14:53:11.622",0.028442383,-0.021972656,-1.0119629,1.01260094693755
"2017-11-20 14:53:11.668",0.02758789,-0.021606445,-1.0132446,1.013850358568438
"2017-11-20 14:53:11.671",0.027648926,-0.023132324,-1.0122681,1.012909805362849
"2017-11-20 14:53:11.676",0.030090332,-0.022644043,-1.0123901,1.0130902700851816
"2017-11-20 14:53:11.717",0.027648926,-0.021972656,-1.0137329,1.0143478955777736
"2017-11-20 14:53:11.718",0.027404785,-0.022094727,-1.0127563,1.0133679106779485
"2017-11-20 14:53:11.767",0.02911377,-0.022521973,-1.0119019,1.0125711363134127
"2017-11-20 14:53:11.768",0.02911377,-0.021728516,-1.012207,1.0128587023174433
"2017-11-20 14:53:11.816",0.030639648,-0.021240234,-1.0116577,1.0123444263387973
"2017-11-20 14:53:11.837",0.028381348,-0.022277832,-1.0122681,1.0129109087133612
"2017-11-20 14:53:11.839",0.02947998,-0.020874023,-1.012207,1.0128513241863315
"2017-11-20 14:53:11.863",0.028381348,-0.022277832,-1.0134888,1.0141308349706941
"2017-11-20 14:53:11.868",0.028503418,-0.022521973,-1.0133057,1.0139566685800658
"2017-11-20 14:53:11.912",0.028686523,-0.021484375,-1.0110474,1.011682430418622
"2017-11-20 14:53:11.916",0.028442383,-0.021911621,-1.012207,1.0128435709104178
"2017-11-20 14:53:11.918",0.029846191,-0.022216797,-1.0111694,1.0118537130843113
"2017-11-20 14:53:11.960",0.02734375,-0.019958496,-1.0141602,1.0147250531502041
"2017-11-20 14:53:11.963",0.028686523,-0.022155762,-1.0114136,1.0120628758415111
"2017-11-20 14:53:12.009",0.028198242,-0.022705078,-1.0115356,1.0121832499534047
"2017-11-20 14:53:12.015",0.027954102,-0.022705078,-1.012146,1.0127864916662408
"2017-11-20 14:53:12.144",0.029296875,-0.022460938,-1.0115356,1.0122090054371011
"2017-11-20 14:53:12.146",0.028259277,-0.022766113,-1.0119019,1.0125523877120144
"2017-11-20 14:53:12.148",0.028320313,-0.02166748,-1.0119019,1.0125299872307874
"2017-11-20 14:53:12.149",0.028503418,-0.021118164,-1.0114136,1.0120355191164851
"2017-11-20 14:53:12.159",0.028381348,-0.022094727,-1.0109863,1.0116259074693528
"2017-11-20 14:53:12.160",0.029052734,-0.021484375,-1.0124512,1.0130957862430658
"2017-11-20 14:53:12.164",0.029052734,-0.022583008,-1.0130005,1.0136686177461809
"2017-11-20 14:53:12.165",0.029968262,-0.023254395,-1.0125122,1.013222492231078
"2017-11-20 14:53:12.219",0.028625488,-0.021606445,-1.0115356,1.0121711945595646
"2017-11-20 14:53:12.220",0.02923584,-0.021606445,-1.0119629,1.0126156643971365
"2017-11-20 14:53:12.264",0.027038574,-0.022155762,-1.0130005,1.013603460567299
"2017-11-20 14:53:12.265",0.027282715,-0.021057129,-1.0113525,1.0119395379545875
"2017-11-20 14:53:12.306",0.027954102,-0.02130127,-1.0119629,1.0125730032440374
"2017-11-20 14:53:12.308",0.02935791,-0.022094727,-1.0152588,1.015923468976976
"2017-11-20 14:53:12.310",0.028442383,-0.022888184,-1.0127563,1.0134141114604762
"2017-11-20 14:53:12.356",0.027893066,-0.021362305,-1.0119019,1.0125116426142484
"2017-11-20 14:53:12.359",0.028259277,-0.0211792,-1.0115967,1.0122129364417807
"2017-11-20 14:53:12.403",0.028198242,-0.02142334,-1.0119019,1.0125213852419395
"2017-11-20 14:53:12.407",0.028930664,-0.021728516,-1.0123901,1.0130364387844364
"2017-11-20 14:53:12.408",0.028503418,-0.022338867,-1.0115356,1.0121836492869694
"2017-11-20 14:53:12.453",0.028747559,-0.023071289,-1.0120239,1.0126949593514278
"2017-11-20 14:53:12.455",0.028076172,-0.021728516,-1.0128784,1.0135003961658307
"2017-11-20 14:53:12.498",0.026977539,-0.022583008,-1.0123291,1.0129402680156587
"2017-11-20 14:53:12.503",0.027832031,-0.022766113,-1.0109253,1.0115645703714635
"2017-11-20 14:53:12.505",0.028930664,-0.021972656,-1.0115356,1.0121877548155456
"2017-11-20 14:53:12.547",0.028442383,-0.02154541,-1.0120239,1.0126527282410276
"2017-11-20 14:53:12.552",0.028808594,-0.023132324,-1.0111084,1.0117831961702357
"2017-11-20 14:53:12.595",0.028442383,-0.022644043,-1.0120239,1.0126766986582216
"2017-11-20 14:53:12.597",0.029724121,-0.022399902,-1.0132446,1.0139279552354754
"2017-11-20 14:53:12.645",0.029541016,-0.022338867,-1.012146,1.0128233912786355
"2017-11-20 14:53:12.648",0.028320313,-0.021240234,-1.012146,1.0127648853434803
"2017-11-20 14:53:12.649",0.028076172,-0.022521973,-1.0110474,1.0116878746672544
"2017-11-20 14:53:12.694",0.027526855,-0.02130127,-1.0115356,1.0121342509356968
"2017-11-20 14:53:12.695",0.027160645,-0.020507813,-1.0130005,1.013572041855491
"2017-11-20 14:53:12.742",0.028564453,-0.022583008,-1.0125122,1.0131667559559765
"2017-11-20 14:53:12.743",0.027709961,-0.021972656,-1.0109253,1.01154367267578
"2017-11-20 14:53:12.746",0.028869629,-0.022705078,-1.0114136,1.0120802568524612
"2017-11-20 14:53:12.791",0.028625488,-0.022155762,-1.0125732,1.0132200065687997
"2017-11-20 14:53:12.796",0.028686523,-0.02355957,-1.0137329,1.0144123237041358
"2017-11-20 14:53:12.840",0.029418945,-0.022583008,-1.0134888,1.014167153037743
"2017-11-20 14:53:12.843",0.028076172,-0.022094727,-1.0133667,1.013996310182768
"2017-11-20 14:53:12.889",0.028564453,-0.02154541,-1.0131836,1.0138151409286693
"2017-11-20 14:53:12.892",0.028503418,-0.02166748,-1.0129395,1.0135720769572745
"2017-11-20 14:53:12.893",0.028808594,-0.022766113,-1.012207,1.0128727668559294
"2017-11-20 14:53:12.962",0.028869629,-0.022888184,-1.0124512,1.0131212942322632
"2017-11-20 14:53:12.964",0.026977539,-0.022094727,-1.0129395,1.0135395380703958
"2017-11-20 14:53:13.010",0.027954102,-0.022949219,-1.0129395,1.0135849886080528
"2017-11-20 14:53:13.012",0.028320313,-0.021484375,-1.0110474,1.0116721126651256
"2017-11-20 14:53:13.016",0.027893066,-0.020690918,-1.0136719,1.0142666602369286
"2017-11-20 14:53:13.035",0.028381348,-0.02166748,-1.0142212,1.0148495568966305
"2017-11-20 14:53:13.037",0.028503418,-0.019958496,-1.0125732,1.0131708995813613
"2017-11-20 14:53:13.083",0.026977539,-0.022033691,-1.0108643,1.0114642377089118
"2017-11-20 14:53:13.088",0.027954102,-0.022827148,-1.0115356,1.0121792235428468
"2017-11-20 14:53:13.133",0.028564453,-0.021728516,-1.0112915,1.0119281369519288
"2017-11-20 14:53:13.135",0.028625488,-0.021362305,-1.0118408,1.012471022391649
"2017-11-20 14:53:13.136",0.028259277,-0.022399902,-1.0112305,1.0118732462499551
"2017-11-20 14:53:13.180",0.029296875,-0.022460938,-1.0122681,1.0129410184695926
"2017-11-20 14:53:13.181",0.030334473,-0.02331543,-1.0129395,1.013661787870354
"2017-11-20 14:53:13.230",0.0289917,-0.022460938,-1.013794,1.0144571389865271
"2017-11-20 14:53:13.231",0.028625488,-0.021484375,-1.0112305,1.0118636869967361
"2017-11-20 14:53:13.234",0.028503418,-0.022399902,-1.0119019,1.0125510632412087
"2017-11-20 14:53:13.277",0.028076172,-0.022583008,-1.0112915,1.0119331804307792
"2017-11-20 14:53:13.280",0.02722168,-0.022094727,-1.0133057,1.0139120467159453
"2017-11-20 14:53:13.328",0.027038574,-0.022155762,-1.0123291,1.0129324602265268
"2017-11-20 14:53:13.330",0.029052734,-0.023132324,-1.0113525,1.0120341125786056
"2017-11-20 14:53:13.376",0.029541016,-0.021728516,-1.012146,1.012810113175157
"2017-11-20 14:53:13.379",0.028503418,-0.022521973,-1.0117798,1.0124317496965094
"2017-11-20 14:53:13.380",0.029296875,-0.023254395,-1.0128784,1.0135688072144593
"2017-11-20 14:53:13.423",0.028259277,-0.021057129,-1.0127563,1.0133692873814437
"2017-11-20 14:53:13.424",0.028930664,-0.021972656,-1.0128174,1.0134687299931533
"2017-11-20 14:53:13.473",0.028869629,-0.022277832,-1.0113525,1.0120097017980945
"2017-11-20 14:53:13.474",0.028442383,-0.022094727,-1.012207,1.012847548726324
"2017-11-20 14:53:13.476",0.028015137,-0.021606445,-1.0127563,1.0133740718788677
"2017-11-20 14:53:13.521",0.028625488,-0.021850586,-1.0142822,1.0149213013375085
"2017-11-20 14:53:13.524",0.028137207,-0.022277832,-1.0113525,1.011989072802978
"2017-11-20 14:53:13.570",0.027954102,-0.022644043,-1.0123291,1.012968109670202
"2017-11-20 14:53:13.573",0.02722168,-0.023010254,-1.0111694,1.0117974338510287
"2017-11-20 14:53:13.620",0.02746582,-0.022460938,-1.012207,1.0128286507860609
"2017-11-20 14:53:13.622",0.027709961,-0.022766113,-1.0120239,1.0126591292290612
"2017-11-20 14:53:13.623",0.029541016,-0.022827148,-1.0116577,1.012346310449846
"2017-11-20 14:53:13.668",0.028747559,-0.021911621,-1.0125732,1.0132181535294096
"2017-11-20 14:53:13.669",0.02746582,-0.023010254,-1.0125122,1.013145990569107
"2017-11-20 14:53:13.717",0.027709961,-0.02166748,-1.0133057,1.0139160533696379
"2017-11-20 14:53:13.718",0.027893066,-0.02166748,-1.0143433,1.0149580449828064
"2017-11-20 14:53:13.721",0.028320313,-0.022766113,-1.0125732,1.0132249608985098
"2017-11-20 14:53:13.766",0.028320313,-0.022155762,-1.0101929,1.0108326335890767
"2017-11-20 14:53:13.768",0.028076172,-0.022155762,-1.0108032,1.0114357410899688
"2017-11-20 14:53:13.814",0.027832031,-0.022827148,-1.0118408,1.0124808665747906
"2017-11-20 14:53:13.819",0.029296875,-0.021057129,-1.0130005,1.0136427983104987
"2017-11-20 14:53:13.862",0.029174805,-0.023071289,-1.0119629,1.0126462188737584
"2017-11-20 14:53:13.865",0.028686523,-0.022460938,-1.012207,1.0128624887844695
"2017-11-20 14:53:13.869",0.028686523,-0.021606445,-1.0125732,1.0132098698816587
"2017-11-20 14:53:13.911",0.02746582,-0.022644043,-1.0111694,1.011795769633387
"2017-11-20 14:53:13.912",0.028747559,-0.022277832,-1.0117798,1.0124332509529301
"2017-11-20 14:53:13.961",0.028503418,-0.021240234,-1.0126343,1.0132580213916629
"2017-11-20 14:53:13.962",0.028259277,-0.020751953,-1.0126953,1.0133020284850747
"2017-11-20 14:53:13.964",0.029052734,-0.021850586,-1.0136719,1.0143235333516758
"2017-11-20 14:53:14.010",0.026611328,-0.022399902,-1.0125122,1.013109507178949
"2017-11-20 14:53:14.017",0.027893066,-0.021911621,-1.0133667,1.013987283418593
"2017-11-20 14:53:14.059",0.026672363,-0.019958496,-1.012146,1.0126940711915844
"2017-11-20 14:53:14.061",0.027648926,-0.02142334,-1.0124512,1.0130552082621902
"2017-11-20 14:53:14.062",0.028747559,-0.022033691,-1.0132446,1.0138917718951574
"2017-11-20 14:53:14.107",0.02734375,-0.022766113,-1.0127563,1.0133811226556775
"2017-11-20 14:53:14.108",0.02709961,-0.022216797,-1.0125122,1.0131184185868556
"2017-11-20 14:53:14.155",0.028198242,-0.021057129,-1.0111084,1.0117206828389806
"2017-11-20 14:53:14.156",0.028076172,-0.02166748,-1.0131836,1.0138041025921547
"2017-11-20 14:53:14.205",0.026855469,-0.022644043,-1.0119019,1.0125114439462923
"2017-11-20 14:53:14.206",0.02722168,-0.021911621,-1.012146,1.0127490628545996
"2017-11-20 14:53:14.208",0.02746582,-0.021972656,-1.0132446,1.0138549148221982
"2017-11-20 14:53:14.254",0.028564453,-0.021484375,-1.0122681,1.0128989153029733
"2017-11-20 14:53:14.257",0.027893066,-0.020996094,-1.0130005,1.0136019298000507
"2017-11-20 14:53:14.303",0.028564453,-0.022827148,-1.012207,1.012867226002502
"2017-11-20 14:53:14.307",0.028503418,-0.022216797,-1.0115967,1.0122420236077496
"2017-11-20 14:53:14.311",0.027404785,-0.022521973,-1.012207,1.0128283528603004
"2017-11-20 14:53:14.349",0.030700684,-0.022460938,-1.0119019,1.012616650543293
"2017-11-20 14:53:14.350",0.029052734,-0.022583008,-1.0122681,1.0129367008262722
"2017-11-20 14:53:14.400",0.028198242,-0.021362305,-1.0124512,1.0130690604831656
"2017-11-20 14:53:14.401",0.028564453,-0.022033691,-1.0112305,1.0118737745610973
"2017-11-20 14:53:14.453",0.0289917,-0.021118164,-1.0112915,1.011927365719433
"2017-11-20 14:53:14.454",0.028076172,-0.022033691,-1.0124512,1.0130800498256283
"2017-11-20 14:53:14.456",0.028259277,-0.022033691,-1.0125732,1.0132070645400604
"2017-11-20 14:53:14.497",0.030395508,-0.020935059,-1.0122681,1.0129407040293728
"2017-11-20 14:53:14.499",0.02935791,-0.021362305,-1.0126343,1.0132849848344596
"2017-11-20 14:53:14.547",0.028564453,-0.021728516,-1.0134888,1.0141240575532124
"2017-11-20 14:53:14.550",0.027954102,-0.0211792,-1.0119629,1.0125704426397586
"2017-11-20 14:53:14.552",0.028259277,-0.022338867,-1.0107422,1.0113839066231212
"2017-11-20 14:53:14.647",0.028503418,-0.02319336,-1.0128174,1.013483824502657
"2017-11-20 14:53:14.648",0.027954102,-0.021911621,-1.0120239,1.0126469893920014
"2017-11-20 14:53:14.656",0.02734375,-0.022521973,-1.0110474,1.0116678135527666
"2017-11-20 14:53:14.662",0.027954102,-0.02178955,-1.012207,1.012827343211482
"2017-11-20 14:53:14.691",0.027832031,-0.022338867,-1.0144043,1.015031886586288
"2017-11-20 14:53:14.692",0.029174805,-0.022277832,-1.0116577,1.0123234527633438
"2017-11-20 14:53:14.740",0.028686523,-0.022888184,-1.0119019,1.01256715371982
"2017-11-20 14:53:14.741",0.028381348,-0.022644043,-1.0135498,1.014199906664225
"2017-11-20 14:53:14.776",0.028930664,-0.022094727,-1.012207,1.0128613780422697
"2017-11-20 14:53:14.789",0.02709961,-0.020935059,-1.0135498,1.014128129300004
"2017-11-20 14:53:14.792",0.028381348,-0.02178955,-1.0133057,1.0139372401958564
"2017-11-20 14:53:14.793",0.02923584,-0.022949219,-1.0128174,1.0134991301111096
