"2017-11-20 16:10:50.767",0.021240234,-0.9874878,-0.12677002,0.9958182267161088
"2017-11-20 16:10:50.769",0.015075684,-0.98828125,-0.1274414,0.9965783540613304
"2017-11-20 16:10:50.774",0.006958008,-0.98205566,-0.14819336,0.9931983715056389
"2017-11-20 16:10:50.775",0.009277344,-0.96484375,-0.15429688,0.977147408635714
"2017-11-20 16:10:50.780",0.014526367,-0.9748535,-0.14886475,0.9862611599333267
"2017-11-20 16:10:50.783",0.015991211,-0.9807129,-0.14971924,0.9922042944282363
"2017-11-20 16:10:50.815",0.01574707,-0.9671631,-0.1541748,0.9795010470490754
"2017-11-20 16:10:50.818",0.020141602,-0.9628906,-0.14544678,0.9740219491940902
"2017-11-20 16:10:50.820",0.032470703,-0.9741821,-0.124816895,0.9826822313399003
"2017-11-20 16:10:50.866",0.030822754,-0.9929199,-0.121520996,1.000803338548082
"2017-11-20 16:10:50.870",0.027832031,-1.0003052,-0.12634277,1.008636510655795
"2017-11-20 16:10:50.913",0.034179688,-0.9838867,-0.1184082,0.991575408799506
"2017-11-20 16:10:50.920",0.03857422,-0.9833374,-0.11553955,0.990853066958755
"2017-11-20 16:10:51.011",0.037841797,-0.99090576,-0.11773682,0.9985931031131144
"2017-11-20 16:10:51.014",0.03326416,-0.9841919,-0.12121582,0.9921862100353885
"2017-11-20 16:10:51.015",0.025024414,-0.9810791,-0.12506104,0.9893344659308777
"2017-11-20 16:10:51.022",0.018493652,-0.98046875,-0.12475586,0.9885469182063131
"2017-11-20 16:10:51.023",0.010009766,-0.97369385,-0.12780762,0.9820970912660629
"2017-11-20 16:10:51.061",0.005493164,-0.9711914,-0.13500977,0.9805460459764976
"2017-11-20 16:10:51.065",9.765625E-4,-0.97839355,-0.13659668,0.9878833662649358
"2017-11-20 16:10:51.073",-3.0517578E-4,-0.9893799,-0.12835693,0.9976713793305346
"2017-11-20 16:10:51.109",0.0038452148,-0.9911499,-0.1296997,0.9996073839898133
"2017-11-20 16:10:51.112",0.011352539,-0.98791504,-0.13519287,0.9971871030547802
"2017-11-20 16:10:51.159",0.01751709,-0.9970703,-0.13244629,1.0059811386496875
"2017-11-20 16:10:51.166",0.022277832,-1.0098877,-0.12347412,1.01765186911816
"2017-11-20 16:10:51.171",0.024291992,-1.0038452,-0.12658691,1.0120867216902492
"2017-11-20 16:10:51.206",0.026428223,-1.0020142,-0.1217041,1.009724118722232
"2017-11-20 16:10:51.209",0.022216797,-0.9963379,-0.12164307,1.0039819886454011
"2017-11-20 16:10:51.254",0.0256958,-0.9914551,-0.11669922,0.9986301604709616
"2017-11-20 16:10:51.255",0.016479492,-0.9970093,-0.12463379,1.00490432358152
"2017-11-20 16:10:51.302",0.016174316,-0.9906006,-0.11968994,0.9979362900283923
"2017-11-20 16:10:51.306",0.008728027,-0.9812012,-0.13238525,0.9901302074749135
"2017-11-20 16:10:51.310",0.005065918,-0.97454834,-0.14489746,0.9852742787855522
"2017-11-20 16:10:51.351",0.010986328,-0.9684448,-0.14031982,0.9786192732287649
"2017-11-20 16:10:51.354",0.01928711,-0.9764404,-0.123046875,0.984351756645752
"2017-11-20 16:10:51.403",0.012084961,-0.9920654,-0.11608887,0.9989076182998148
"2017-11-20 16:10:51.406",-0.013977051,-0.9439087,-0.13092041,0.9530472945478178
"2017-11-20 16:10:51.407",-0.06958008,-0.8250122,-0.17340088,0.8459044762066346
"2017-11-20 16:10:51.449",-0.1784668,-0.74090576,-0.2119751,0.7910279305583512
"2017-11-20 16:10:51.451",-0.45495605,-0.6221924,-0.15948486,0.7871110535487238
"2017-11-20 16:10:51.499",0.03289795,-0.5725708,-0.079833984,0.5790449560510434
"2017-11-20 16:10:51.501",0.29779053,0.07885742,0.04547119,0.3113925522018043
"2017-11-20 16:10:51.549",0.15808105,0.07318115,-0.0013427734,0.1742036225938736
"2017-11-20 16:10:51.550",0.17572021,0.0115356445,-0.0012207031,0.1761026786069219
"2017-11-20 16:10:51.553",0.19226074,0.01751709,0.004272461,0.19310436170737375
"2017-11-20 16:10:51.610",0.19866943,0.016540527,0.003479004,0.19938714832906018
"2017-11-20 16:10:51.613",0.20983887,0.018371582,3.6621094E-4,0.21064187736182047
"2017-11-20 16:10:51.645",0.2175293,0.021118164,0.0015258789,0.2185573186046131
"2017-11-20 16:10:51.648",0.4468994,0.16314697,0.023742676,0.47633992295857575
"2017-11-20 16:10:51.650",0.31201172,0.27954102,0.041503906,0.4209715780112187
"2017-11-20 16:10:51.692",-0.04107666,-0.035827637,-0.004638672,0.05470309724031129
"2017-11-20 16:10:51.693",-0.33276367,0.5697632,-0.101989746,0.6676553545320021
"2017-11-20 16:10:51.740",-0.44421387,1.0942383,-0.068847656,1.1829722816803279
"2017-11-20 16:10:51.741",-0.20147705,1.0166016,0.07672119,1.0392102558165401
"2017-11-20 16:10:51.792",-0.21069336,0.9862671,0.11743164,1.0153347598519364
"2017-11-20 16:10:51.793",-0.19903564,0.99279785,0.16607666,1.026081972335343
"2017-11-20 16:10:51.805",-0.105773926,0.89959717,0.33428955,0.9655116234062979
"2017-11-20 16:10:51.839",0.027038574,0.6613159,0.3456421,0.7466848501002102
"2017-11-20 16:10:51.847",-0.020446777,-0.03942871,0.35913086,0.361866920934052
"2017-11-20 16:10:51.888",-0.2421875,-0.05505371,0.9616699,0.9932243919210925
"2017-11-20 16:10:51.892",-0.18914795,-0.08886719,1.092102,1.111917759032429
"2017-11-20 16:10:51.893",-0.24523926,-0.033691406,1.0196533,1.049271298418333
"2017-11-20 16:10:51.938",-0.044799805,-0.05114746,1.022583,1.024841000878424
"2017-11-20 16:10:51.940",0.08178711,-0.003479004,1.0270386,1.0302958413586576
"2017-11-20 16:10:51.986",0.044555664,-0.006225586,1.026123,1.0271087460656365
"2017-11-20 16:10:51.988",0.04168701,-0.009521484,1.0262451,1.0271355658988313
"2017-11-20 16:10:52.036",0.04815674,-0.008483887,1.0255737,1.0267387506458234
"2017-11-20 16:10:52.038",0.046936035,-0.0076293945,1.0264282,1.027529098759348
"2017-11-20 16:10:52.042",0.045837402,-0.008361816,1.0268555,1.0279120610583268
"2017-11-20 16:10:52.084",0.04663086,-0.008544922,1.0251465,1.026242076343869
"2017-11-20 16:10:52.087",0.046325684,-0.0079956055,1.0261841,1.0272603398351314
"2017-11-20 16:10:52.131",0.045532227,-0.009399414,1.026001,1.0270538372841624
"2017-11-20 16:10:52.136",0.045837402,-0.009033203,1.0258789,1.0269421520435116
"2017-11-20 16:10:52.138",0.04498291,-0.008728027,1.0256958,1.026718809988899
"2017-11-20 16:10:52.179",0.04510498,-0.00793457,1.0254517,1.026473869932779
"2017-11-20 16:10:52.198",0.04638672,-0.008361816,1.0257568,1.0268391599980087
"2017-11-20 16:10:52.228",0.046325684,-0.008544922,1.0248413,1.0259233767079021
"2017-11-20 16:10:52.230",0.045959473,-0.00793457,1.026062,1.0271214428700837
"2017-11-20 16:10:52.280",0.04522705,-0.008117676,1.0275879,1.0286147359151305
"2017-11-20 16:10:52.281",0.04650879,-0.00793457,1.026123,1.0272071047638587
"2017-11-20 16:10:52.284",0.04559326,-0.008728027,1.0263062,1.027355508074581
"2017-11-20 16:10:52.326",0.047302246,-0.0095825195,1.0270996,1.028232909158607
"2017-11-20 16:10:52.331",0.045837402,-0.008422852,1.0269165,1.0279734966574643
"2017-11-20 16:10:52.378",0.044555664,-0.008972168,1.0253906,1.0263973838438312
"2017-11-20 16:10:52.384",0.047607422,-0.009033203,1.0253296,1.026473990913596
"2017-11-20 16:10:52.385",0.04748535,-0.008666992,1.0274048,1.0285380879082655
"2017-11-20 16:10:52.426",0.04626465,-0.009338379,1.0261841,1.0272689181780885
"2017-11-20 16:10:52.427",0.046936035,-0.008483887,1.026062,1.0271699935084504
"2017-11-20 16:10:52.473",0.045776367,-0.0071411133,1.0261841,1.0272294185661217
"2017-11-20 16:10:52.475",0.04711914,-0.008239746,1.0265503,1.0276641597324363
"2017-11-20 16:10:52.483",0.046875,-0.008117676,1.0262451,1.0273471504621263
"2017-11-20 16:10:52.522",0.04626465,-0.008972168,1.0250854,1.0261681124120954
"2017-11-20 16:10:52.574",0.045837402,-0.007751465,1.0270996,1.0281511274865751
"2017-11-20 16:10:52.575",0.046875,-0.008361816,1.0258789,1.0269833022289252
"2017-11-20 16:10:52.586",0.045166016,-0.010253906,1.0256348,1.0266800156624307
"2017-11-20 16:10:52.620",0.044921875,-0.008666992,1.0249634,1.0259839486772704
"2017-11-20 16:10:52.622",0.046569824,-0.0076904297,1.0252075,1.0262934810630981
"2017-11-20 16:10:52.623",0.045898438,-0.0071411133,1.0263062,1.0273568407658769
"2017-11-20 16:10:52.669",0.045532227,-0.0072631836,1.0266724,1.0277072318775162
"2017-11-20 16:10:52.672",0.045837402,-0.008911133,1.0272217,1.028282498472255
"2017-11-20 16:10:52.717",0.046813965,-0.008850098,1.0257568,1.0268626413984836
"2017-11-20 16:10:52.719",0.04711914,-0.007385254,1.0263672,1.0274747610364081
"2017-11-20 16:10:52.729",0.045837402,-0.0079956055,1.0270386,1.0280920596033127
"2017-11-20 16:10:52.814",0.04638672,-0.009277344,1.0267944,1.0278835229613386
"2017-11-20 16:10:52.824",0.04699707,-0.0073242188,1.026062,1.0271638606442572
"2017-11-20 16:10:52.825",0.046447754,-0.00793457,1.0254517,1.0265337501931535
"2017-11-20 16:10:52.833",0.04498291,-0.009338379,1.0257568,1.0267851188348298
"2017-11-20 16:10:52.862",0.045898438,-0.008483887,1.0265503,1.0276108997960067
"2017-11-20 16:10:52.864",0.046203613,-0.0095825195,1.0267944,1.0278780756517678
"2017-11-20 16:10:52.865",0.04675293,-0.007873535,1.0282593,1.0293517460292527
"2017-11-20 16:10:52.911",0.04498291,-0.007873535,1.0236816,1.0246996988991575
"2017-11-20 16:10:52.912",0.046447754,-0.0071411133,1.026062,1.0271375843550892
"2017-11-20 16:10:52.960",0.046875,-0.008422852,1.0275879,1.0286909653959366
"2017-11-20 16:10:52.961",0.045959473,-0.007446289,1.0252686,1.0263252031029293
"2017-11-20 16:10:52.962",0.046691895,-0.0079956055,1.0254517,1.0265452994383115
"2017-11-20 16:10:53.010",0.046936035,-0.009094238,1.02594,1.0270533482474618
"2017-11-20 16:10:53.013",0.047729492,-0.0071411133,1.0258179,1.0269525129557606
"2017-11-20 16:10:53.059",0.046142578,-0.008178711,1.0267944,1.0278632052415668
"2017-11-20 16:10:53.062",0.045898438,-0.008850098,1.0251465,1.0262116435256907
"2017-11-20 16:10:53.108",0.046813965,-0.009216309,1.0256348,1.026743994694707
"2017-11-20 16:10:53.116",0.04663086,-0.008483887,1.0251465,1.0262415699557381
"2017-11-20 16:10:53.120",0.046081543,-0.008666992,1.0264282,1.0274986496880807
"2017-11-20 16:10:53.157",0.046569824,-0.0072021484,1.0247803,1.0258631890837377
"2017-11-20 16:10:53.162",0.04724121,-0.0072631836,1.0252686,1.0263820867027207
"2017-11-20 16:10:53.206",0.046691895,-0.0087890625,1.027832,1.0289295412720543
"2017-11-20 16:10:53.208",0.04425049,-0.008728027,1.027771,1.0287601823367547
"2017-11-20 16:10:53.210",0.046081543,-0.009399414,1.0267334,1.027809968945799
"2017-11-20 16:10:53.253",0.046813965,-0.008911133,1.0256348,1.0267413007089006
"2017-11-20 16:10:53.255",0.046203613,-0.008728027,1.0255737,1.0266510441436547
"2017-11-20 16:10:53.303",0.04547119,-0.00793457,1.0267334,1.027770432147501
"2017-11-20 16:10:53.311",0.046081543,-0.008300781,1.0244141,1.0254836224188473
"2017-11-20 16:10:53.350",0.045410156,-0.008178711,1.0258179,1.0268550713425806
"2017-11-20 16:10:53.353",0.046142578,-0.009155273,1.0265503,1.0276275954635905
"2017-11-20 16:10:53.356",0.04675293,-0.009643555,1.026062,1.0271718758127206
"2017-11-20 16:10:53.399",0.04559326,-0.008850098,1.0264893,1.027539465230668
"2017-11-20 16:10:53.400",0.044006348,-0.009277344,1.0251465,1.0261325324919006
"2017-11-20 16:10:53.450",0.04638672,-0.009155273,1.0264282,1.0275166162020462
"2017-11-20 16:10:53.451",0.04663086,-0.007873535,1.0262451,1.0273341398647986
"2017-11-20 16:10:53.454",0.046203613,-0.008605957,1.027832,1.028905951277443
"2017-11-20 16:10:53.498",0.045715332,-0.0078125,1.0272217,1.0282681302496008
"2017-11-20 16:10:53.501",0.044433594,-0.007080078,1.0252075,1.026194372346922
"2017-11-20 16:10:53.544",0.04345703,-0.0063476563,1.0352173,1.0361484760478172
"2017-11-20 16:10:53.550",0.05078125,-0.017333984,1.0128174,1.014237786761879
"2017-11-20 16:10:53.596",0.043151855,-0.0036010742,1.0324707,1.033378341501226
"2017-11-20 16:10:53.600",0.043884277,-0.006591797,1.0270386,1.0279968713208527
"2017-11-20 16:10:53.601",0.045654297,-0.0065307617,1.026001,1.0270370089164005
"2017-11-20 16:10:53.643",0.044555664,-0.00579834,1.0276489,1.0286306866958843
"2017-11-20 16:10:53.645",0.04522705,-0.0048828125,1.0267944,1.0278015702366738
"2017-11-20 16:10:53.693",0.045959473,-0.004699707,1.0252686,1.0263089508282988
"2017-11-20 16:10:53.699",0.04498291,-0.007507324,1.0244141,1.0254287251606125
"2017-11-20 16:10:53.707",0.0446167,-0.0059814453,1.0283813,1.0293660795831854
"2017-11-20 16:10:53.744",0.04547119,-0.0061035156,1.0249634,1.025989694569227
"2017-11-20 16:10:53.751",0.04522705,-0.007019043,1.0249634,1.0259847583448296
"2017-11-20 16:10:53.789",0.04473877,-0.0072631836,1.0266724,1.0276723837385533
"2017-11-20 16:10:53.798",0.04425049,-0.0056152344,1.0250244,1.0259944723622867
"2017-11-20 16:10:53.839",0.045043945,-0.0064697266,1.0256958,1.0267047718215212
"2017-11-20 16:10:53.843",0.044433594,-0.0057373047,1.0272827,1.0282592118042355
"2017-11-20 16:10:53.845",0.044311523,-0.005065918,1.0291748,1.0301407396811382
"2017-11-20 16:10:53.886",0.04272461,-0.0079956055,1.026062,1.0269822539123856
"2017-11-20 16:10:53.888",0.04260254,-0.008605957,1.0240479,1.0249698241434952
"2017-11-20 16:10:53.934",0.04510498,-0.007019043,1.0275879,1.028601292246829
"2017-11-20 16:10:53.935",0.042785645,-0.007385254,1.0266113,1.027529033498519
"2017-11-20 16:10:53.938",0.043518066,-0.007507324,1.0262451,1.0271948146559304
"2017-11-20 16:10:53.983",0.044311523,-0.0068359375,1.0263062,1.0272850905520452
"2017-11-20 16:10:54.003",0.043518066,-0.006164551,1.0258179,1.0267590699467046
"2017-11-20 16:10:54.032",0.044006348,-0.0067749023,1.0284424,1.02940576454731
"2017-11-20 16:10:54.040",0.04534912,-0.0060424805,1.0271606,1.0281789496229374
"2017-11-20 16:10:54.041",0.04449463,-0.0057373047,1.0249023,1.0258837230940685
"2017-11-20 16:10:54.130",0.044006348,-0.0068969727,1.0268555,1.0278211638105976
"2017-11-20 16:10:54.131",0.044067383,-0.0076293945,1.0274658,1.0284386768663194
"2017-11-20 16:10:54.135",0.043762207,-0.0076293945,1.026123,1.0270841005248534
"2017-11-20 16:10:54.135",0.04248047,-0.007080078,1.0268555,1.0277582087807213
"2017-11-20 16:10:54.181",0.044006348,-0.008422852,1.0266724,1.0276496095566188
"2017-11-20 16:10:54.183",0.043518066,-0.00793457,1.0278931,1.0288444996679893
"2017-11-20 16:10:54.186",0.043762207,-0.006591797,1.0256348,1.0265891707592867
"2017-11-20 16:10:54.228",0.043151855,-0.0064697266,1.0270996,1.0280260348222605
"2017-11-20 16:10:54.231",0.041931152,-0.007873535,1.026001,1.0268876599036738
"2017-11-20 16:10:54.280",0.042907715,-0.0072021484,1.0263062,1.0272279976259102
"2017-11-20 16:10:54.283",0.044677734,-0.007080078,1.0239258,1.0249245198186552
"2017-11-20 16:10:54.284",0.04486084,-0.0064086914,1.0247192,1.0257207247294977
"2017-11-20 16:10:54.326",0.043945313,-0.007873535,1.0238037,1.0247766582147322
"2017-11-20 16:10:54.328",0.046447754,-0.005126953,1.0284424,1.0295034966509191
"2017-11-20 16:10:54.376",0.045776367,-0.005554199,1.0258789,1.0269147201045763
"2017-11-20 16:10:54.377",0.04486084,-0.00579834,1.0262451,1.0272415105447554
"2017-11-20 16:10:54.424",0.044677734,-0.006164551,1.026123,1.0271136805307415
"2017-11-20 16:10:54.426",0.044799805,-0.0076293945,1.0261841,1.0271898740161358
"2017-11-20 16:10:54.434",0.04559326,-0.0075683594,1.0269165,1.027955992926587
"2017-11-20 16:10:54.473",0.043945313,-0.0076904297,1.026062,1.0270314314019988
"2017-11-20 16:10:54.476",0.044189453,-0.0078125,1.0266724,1.027652645515229
"2017-11-20 16:10:54.520",0.044555664,-0.0087890625,1.0266113,1.0276153055019177
"2017-11-20 16:10:54.529",0.04559326,-0.008544922,1.0272217,1.0282685359381096
"2017-11-20 16:10:54.530",0.04534912,-0.007751465,1.0262451,1.0272758311030346
"2017-11-20 16:10:54.570",0.045532227,-0.0075683594,1.0276489,1.0286849495500539
"2017-11-20 16:10:54.620",0.04522705,-0.0075683594,1.0256958,1.0267203320541336
"2017-11-20 16:10:54.623",0.045043945,-0.008178711,1.0265503,1.027570613984691
"2017-11-20 16:10:54.624",0.0446167,-0.008911133,1.027832,1.0288385094047723
"2017-11-20 16:10:54.668",0.04638672,-0.010009766,1.0258789,1.0269758715144883
"2017-11-20 16:10:54.670",0.046020508,-0.008544922,1.0270386,1.0281046584558033
"2017-11-20 16:10:54.672",0.044006348,-0.0078125,1.0278931,1.0288643345204251
"2017-11-20 16:10:54.715",0.045532227,-0.009399414,1.0263672,1.0274196620247067
"2017-11-20 16:10:54.742",0.045532227,-0.0087890625,1.026062,1.0271093705926397
"2017-11-20 16:10:54.763",0.045288086,-0.008666992,1.0257568,1.0267926471445494
"2017-11-20 16:10:54.767",0.044189453,-0.0079956055,1.0262451,1.0272271621884619
"2017-11-20 16:10:54.768",0.043945313,-0.007080078,1.0261841,1.0271490277130988
"2017-11-20 16:10:54.812",0.044555664,-0.009216309,1.0256958,1.0267044470945397
"2017-11-20 16:10:54.813",0.043762207,-0.008972168,1.026062,1.0270340103444147
"2017-11-20 16:10:54.861",0.0446167,-0.007751465,1.0284424,1.0294389273999194
"2017-11-20 16:10:54.863",0.045959473,-0.00793457,1.0263672,1.0274263281595242
"2017-11-20 16:10:54.910",0.046691895,-0.008544922,1.02594,1.027037502893968
"2017-11-20 16:10:54.912",0.045532227,-0.008544922,1.0266724,1.027717089625995
"2017-11-20 16:10:54.916",0.045654297,-0.008422852,1.0264282,1.0274775467257755
"2017-11-20 16:10:54.961",0.04547119,-0.008117676,1.0285034,1.0295400767309726
"2017-11-20 16:10:54.964",0.04345703,-0.0072631836,1.0230103,1.0239586618601935
"2017-11-20 16:10:55.014",0.042114258,-0.0072021484,1.0286255,1.029512457874462
"2017-11-20 16:10:55.016",0.0446167,-0.008728027,1.027832,1.0288369397519719
"2017-11-20 16:10:55.018",0.046020508,-0.008728027,1.0263672,1.0274354942514545
"2017-11-20 16:10:55.094",0.04522705,-0.008666992,1.0275269,1.0285582788669005
"2017-11-20 16:10:55.096",0.045776367,-0.0076904297,1.0266724,1.0277211856366733
"2017-11-20 16:10:55.105",0.04547119,-0.008544922,1.0236816,1.0247266284188004
"2017-11-20 16:10:55.112",0.044677734,-0.007019043,1.0252686,1.0262655938040457
"2017-11-20 16:10:55.156",0.044677734,-0.008361816,1.0266113,1.0276170401321119
"2017-11-20 16:10:55.158",0.04522705,-0.008422852,1.0264893,1.0275196900799546
"2017-11-20 16:10:55.159",0.04559326,-0.008361816,1.0262451,1.0272914243768685
"2017-11-20 16:10:55.202",0.045654297,-0.007873535,1.0262451,1.027290276729012
"2017-11-20 16:10:55.205",0.04626465,-0.008178711,1.0270996,1.0281735736116757
"2017-11-20 16:10:55.251",0.045837402,-0.0072021484,1.0263672,1.0274154795405435
"2017-11-20 16:10:55.255",0.04534912,-0.007751465,1.0266724,1.0277027025439704
"2017-11-20 16:10:55.256",0.04534912,-0.008911133,1.0274658,1.0285047015671627
"2017-11-20 16:10:55.299",0.044799805,-0.008911133,1.0269165,1.0279318697227127
"2017-11-20 16:10:55.300",0.04449463,-0.008911133,1.0269165,1.0279186146589772
"2017-11-20 16:10:55.349",0.045532227,-0.008422852,1.02594,1.0269844262360524
"2017-11-20 16:10:55.351",0.04473877,-0.008605957,1.0263672,1.0273778512664358
"2017-11-20 16:10:55.401",0.044677734,-0.0076293945,1.027771,1.0287699140317097
"2017-11-20 16:10:55.403",0.044799805,-0.008666992,1.0268555,1.0278688423911952
"2017-11-20 16:10:55.407",0.04699707,-0.010681152,1.024231,1.0253643025567214
"2017-11-20 16:10:55.447",0.04626465,-0.00982666,1.0267944,1.0278831261178178
"2017-11-20 16:10:55.449",0.04699707,-0.008239746,1.0269775,1.0280853094510103
"2017-11-20 16:10:55.546",0.046142578,-0.0065307617,1.02771,1.0287660727555454
"2017-11-20 16:10:55.554",0.044067383,-0.0076293945,1.029541,1.0305119177311368
"2017-11-20 16:10:55.556",0.046325684,-0.008483887,1.0309448,1.032019973636042
"2017-11-20 16:10:55.569",0.04638672,-0.0138549805,1.020752,1.021899375565429
"2017-11-20 16:10:55.572",0.04559326,-0.0078125,1.0254517,1.0264945053659897
"2017-11-20 16:10:55.593",0.044128418,-0.008056641,1.02594,1.0269202064130327
"2017-11-20 16:10:55.594",0.045898438,-0.008483887,1.026001,1.027062167032974
"2017-11-20 16:10:55.597",0.044189453,-0.008361816,1.0265503,1.0275349853670908
"2017-11-20 16:10:55.644",0.045288086,-0.0076293945,1.0267334,1.0277600367155457
"2017-11-20 16:10:55.647",0.0446167,-0.009277344,1.0256348,1.026646707490763
"2017-11-20 16:10:55.694",0.04498291,-0.0071411133,1.0264893,1.0274992655499668
"2017-11-20 16:10:55.700",0.045715332,-0.007385254,1.0267944,1.02783810662374
"2017-11-20 16:10:55.741",0.045410156,-0.0068969727,1.0273438,1.0283700374373073
"2017-11-20 16:10:55.746",0.04534912,-0.006286621,1.0263062,1.027326861542524
"2017-11-20 16:10:55.747",0.04473877,-0.007873535,1.0270386,1.0280427208946472
"2017-11-20 16:10:55.788",0.045654297,-0.008239746,1.02771,1.0287565564061834
"2017-11-20 16:10:55.794",0.04486084,-0.007080078,1.0256348,1.02663984212626
"2017-11-20 16:10:55.837",0.04510498,-0.008544922,1.0266724,1.0276982494071625
"2017-11-20 16:10:55.838",0.04486084,-0.008911133,1.0267334,1.0277516129553916
"2017-11-20 16:10:55.840",0.04510498,-0.0076293945,1.0267334,1.0277519844577274
"2017-11-20 16:10:55.886",0.045410156,-0.0071411133,1.0268555,1.0278838921042384
"2017-11-20 16:10:55.892",0.045654297,-0.0072021484,1.0258789,1.0269195213069764
"2017-11-20 16:10:55.935",0.046813965,-0.006286621,1.0269165,1.0280022212499684
"2017-11-20 16:10:55.944",0.045959473,-0.007019043,1.0269165,1.027968403257281
"2017-11-20 16:10:55.984",0.045532227,-0.0073242188,1.0264282,1.0274637111021732
"2017-11-20 16:10:55.986",0.04559326,-0.008666992,1.0267944,1.027842693207047
"2017-11-20 16:10:55.988",0.044311523,-0.0078125,1.0266724,1.027657901808082
"2017-11-20 16:10:56.031",0.04437256,-0.0075683594,1.0254517,1.0264391814315408
"2017-11-20 16:10:56.033",0.044799805,-0.0079956055,1.0271606,1.0281682014280102
"2017-11-20 16:10:56.082",0.045959473,-0.0078125,1.026123,1.0271814442656602
"2017-11-20 16:10:56.083",0.045043945,-0.0060424805,1.02594,1.0269461291381141
"2017-11-20 16:10:56.089",0.044921875,-0.00579834,1.0253906,1.0263905095862056
"2017-11-20 16:10:56.130",0.04425049,-0.0072021484,1.0266724,1.0276508131308884
"2017-11-20 16:10:56.132",0.044006348,-0.0073242188,1.0281982,1.02916555584054
"2017-11-20 16:10:56.179",0.045776367,-0.007446289,1.0279541,1.028999783626022
"2017-11-20 16:10:56.229",0.04498291,-0.008666992,1.0257568,1.0267792322055584
"2017-11-20 16:10:56.230",0.044799805,-0.008422852,1.0258789,1.026891174579401
"2017-11-20 16:10:56.233",0.04534912,-0.008544922,1.0274658,1.0285015938472826
"2017-11-20 16:10:56.234",0.045532227,-0.0075683594,1.0269165,1.0279532877187743
"2017-11-20 16:10:56.276",0.046325684,-0.008361816,1.0258179,1.026897440314901
"2017-11-20 16:10:56.278",0.046875,-0.009277344,1.0274048,1.028515414468706
"2017-11-20 16:10:56.326",0.045959473,-0.0075683594,1.0257568,1.026813793230635
"2017-11-20 16:10:56.328",0.04498291,-0.007080078,1.0257568,1.026767063380392
"2017-11-20 16:10:56.330",0.04522705,-0.008544922,1.0258789,1.0269109110380017
"2017-11-20 16:10:56.374",0.046020508,-0.009094238,1.0276489,1.0287190354963733
"2017-11-20 16:10:56.426",0.045837402,-0.008117676,1.0263672,1.0274223052482316
"2017-11-20 16:10:56.428",0.047851563,-0.008850098,1.0251465,1.0263008539304654
"2017-11-20 16:10:56.430",0.04638672,-0.008850098,1.0266724,1.0277578844011501
"2017-11-20 16:10:56.472",0.04522705,-0.0075683594,1.0275879,1.028610547458133
"2017-11-20 16:10:56.476",0.04272461,-0.0076293945,1.0274048,1.0283210700083554
"2017-11-20 16:10:56.477",0.04437256,-0.009399414,1.0270996,1.0281006085907434
"2017-11-20 16:10:56.519",0.047790527,-0.007446289,1.0263672,1.0275062096779022
"2017-11-20 16:10:56.521",0.046325684,-0.008422852,1.0253296,1.0264101529457128
"2017-11-20 16:10:56.568",0.045898438,-0.008239746,1.02771,1.0287674198403565
"2017-11-20 16:10:56.570",0.0446167,-0.009643555,1.0278931,1.0289061536892166
"2017-11-20 16:10:56.619",0.045898438,-0.008117676,1.0272827,1.0283395883626045
"2017-11-20 16:10:56.620",0.04547119,-0.00793457,1.0252075,1.0262460740862063
"2017-11-20 16:10:56.670",0.045288086,-0.009216309,1.0267944,1.0278339802499656
"2017-11-20 16:10:56.671",0.045654297,-0.008422852,1.0272827,1.0283311747631052
"2017-11-20 16:10:56.674",0.043701172,-0.008361816,1.0269165,1.027879959126182
"2017-11-20 16:10:56.675",0.04663086,-0.008056641,1.02594,1.0270307834571184
"2017-11-20 16:10:56.713",0.046020508,-0.009216309,1.0266113,1.0276836034479928
"2017-11-20 16:10:56.716",0.04510498,-0.009033203,1.0266724,1.027702425266672
"2017-11-20 16:10:56.762",0.046142578,-0.008483887,1.0254517,1.0265243800689807
"2017-11-20 16:10:56.768",0.045288086,-0.007385254,1.0255127,1.0265387720741375
"2017-11-20 16:10:56.811",0.04559326,-0.0078125,1.026062,1.0271041857366163
"2017-11-20 16:10:56.815",0.046325684,-0.009277344,1.0257568,1.0268442680640535
"2017-11-20 16:10:56.820",0.04534912,-0.00982666,1.0269775,1.0280252387163362
"2017-11-20 16:10:56.864",0.04650879,-0.008300781,1.0264282,1.027514875934998
"2017-11-20 16:10:56.869",0.045715332,-0.008361816,1.0266113,1.0276626746332562
"2017-11-20 16:10:56.911",0.046569824,-0.008239746,1.027771,1.028858527865972
"2017-11-20 16:10:56.915",0.046203613,-0.009460449,1.0264893,1.0275721663046469
"2017-11-20 16:10:56.958",0.047424316,-0.008117676,1.0269165,1.028043024578232
"2017-11-20 16:10:56.960",0.04748535,-0.008911133,1.0283813,1.029515597232823
"2017-11-20 16:10:56.961",0.046020508,-0.009277344,1.0275269,1.028598797632917
"2017-11-20 16:10:57.007",0.04522705,-0.007385254,1.0270996,1.0281214015613656
"2017-11-20 16:10:57.009",0.045837402,-0.008728027,1.0253296,1.0263907806062866
"2017-11-20 16:10:57.058",0.04675293,-0.010437012,1.0246582,1.025777361082956
"2017-11-20 16:10:57.060",0.04510498,-0.0078125,1.0271606,1.0281801362453031
"2017-11-20 16:10:57.063",0.045715332,-0.0079956055,1.0275879,1.028635364701016
"2017-11-20 16:10:57.105",0.04510498,-0.009277344,1.0270386,1.0280704325202894
"2017-11-20 16:10:57.109",0.046875,-0.009094238,1.0270386,1.0281479741164503
"2017-11-20 16:10:57.156",0.04748535,-0.0071411133,1.0249634,1.026087630421177
"2017-11-20 16:10:57.160",0.045288086,-0.008300781,1.026062,1.0270945144156662
"2017-11-20 16:10:57.162",0.044311523,-0.008728027,1.0256348,1.0266286731320786
"2017-11-20 16:10:57.203",0.045654297,-0.008056641,1.0252075,1.0262551546058207
"2017-11-20 16:10:57.205",0.04626465,-0.008056641,1.0252075,1.0262824880899388
"2017-11-20 16:10:57.252",0.04675293,-0.008178711,1.0275879,1.0286834401328802
"2017-11-20 16:10:57.254",0.04547119,-0.008544922,1.0286255,1.0296655107666044
"2017-11-20 16:10:57.300",0.044799805,-0.008728027,1.0247803,1.0257962099030395
"2017-11-20 16:10:57.302",0.045715332,-0.0087890625,1.0254517,1.0265078315494671
"2017-11-20 16:10:57.305",0.04699707,-0.007751465,1.0269165,1.0280205775034277
"2017-11-20 16:10:57.348",0.04626465,-0.0087890625,1.0252686,1.0263495348102474
"2017-11-20 16:10:57.351",0.04559326,-0.0076293945,1.0257568,1.0267979186598033
"2017-11-20 16:10:57.399",0.04547119,-0.009399414,1.0275879,1.0286364130877197
"2017-11-20 16:10:57.402",0.046691895,-0.008728027,1.026001,1.027099977370754
"2017-11-20 16:10:57.403",0.044677734,-0.007751465,1.0252075,1.0262098241496576
"2017-11-20 16:10:57.444",0.044799805,-0.009155273,1.026001,1.0270194221886666
"2017-11-20 16:10:57.446",0.046020508,-0.00982666,1.0289917,1.0300671672625157
"2017-11-20 16:10:57.494",0.04522705,-0.009460449,1.026062,1.0271018518097337
"2017-11-20 16:10:57.496",0.04626465,-0.00793457,1.0252686,1.0263425731141953
"2017-11-20 16:10:57.547",0.04748535,-0.009277344,1.026123,1.0272630328719694
"2017-11-20 16:10:57.550",0.045837402,-0.008361816,1.026062,1.027119377303791
"2017-11-20 16:10:57.553",0.045288086,-0.008178711,1.0266113,1.0276422837421857
"2017-11-20 16:10:57.595",0.045654297,-0.009094238,1.0252075,1.0262638247817248
"2017-11-20 16:10:57.598",0.04626465,-0.008972168,1.0255737,1.02665589745052
"2017-11-20 16:10:57.641",0.046325684,-0.008300781,1.0261841,1.0272627604737203
"2017-11-20 16:10:57.647",0.04638672,-0.0078125,1.0273438,1.0284201701381825
"2017-11-20 16:10:57.688",0.045898438,-0.00793457,1.0272217,1.0282772218438054
"2017-11-20 16:10:57.741",0.046142578,-0.008239746,1.0272217,1.0282905483711888
"2017-11-20 16:10:57.787",0.044677734,-0.008972168,1.0264893,1.0275003078970266
